"","pNet cash flow due to net changes in cash and cash equivalents","pDepreciation (net of transfer from revaluation reserves)","pAmortisation","pCurrent assets","pCurrent liabilities","pShort term bank borrowings","pCorporate tax","cNet cash flow due to net changes in cash and cash equivalents","cDepreciation (net of transfer from revaluation reserves)","cAmortisation","cCurrent assets","cCurrent liabilities","cShort term bank borrowings","cCorporate tax","cAdjusted Closing Price ","fAdjusted Closing Price ","nACCRUALS","nRETUERNS","nPROFIT","Accrual"
"Steel Authority Of India Ltd.",-49585.1,14822,0,354458,122726.2,41523.1,23673.8,-3317.2,15636.4,0,271934.9,127394.9,1187.1,15010.3,85.8,41.7,-198095.6,-0.513986014,0,-198095.6
"Hindustan Petroleum Corpn. Ltd.",-1641.6,14069.5,1.9,256137.3,180997.4,66926.8,4171.1,1473.6,17129.3,1.8,333150.4,230869.3,9920.6,3966.5,343.7,211.65,-50315.9,-0.3842013384,0,-50315.9
"I C I C I Bank Ltd.",-47836.1,5624.3,0,429589.3,126918.9,37229.8,21381.1,21392.3,5245.3,0,640035.3,293967,18815.6,21874.2,192.28,181.81,-48996.9,-0.05445184107,0,-48996.8999999999
"Rural Electrification Corpn. Ltd.",14415.8,30.3,0,111276.7,31327,3750,9081.2,24795.9,32.7,142.5,62379.4,35213.5,25000,9745.9,188.45,158.5,-41424.4,-0.1589280976,0,-41424.4
"Hindalco Industries Ltd.",931.2,6879.4,0,94210.1,54253.6,28880.1,5665.2,4886.7,6926.3,0,102920.6,66099.5,7923.5,5626.8,120.1,90.1,-35012.2,-0.2497918401,0,-35012.2
"J S W Steel Ltd.",1620.6,13787.1,0,70928.6,96673.3,3342.4,5783.4,1787.9,17081.7,0,97831.6,127933.3,1628.9,4023.9,668.1,565.9,-25079,-0.1529711121,0,-25079
"Reliance Communications Ltd.",37320,15950,0,73670,44010,85500,0,-36360,17410,0,43990,38060,29000,0,56.1,139.6,-23960,1.488413547,0,-23960
"Bharti Airtel Ltd.",-2141,46116,0,35530,133996,19844,17328,2268,59160,0,46895,125977,43697,14507,300.05,344.5,-23153,0.1481419763,0,-23153
"J S W Energy Ltd.",-6816.9,2116.1,0,19941.9,12056.7,2,2171.4,-2197.3,3772.2,0,21597.3,26778.4,0,589.8,49.8,41.7,-23041.7,-0.1626506024,0,-23041.7
"Power Grid Corpn. Of India Ltd.",4024.2,21993.9,18.6,84125.3,92898.8,14500,6800.2,-13431.8,25815.3,17.9,75418.3,102396.2,16500,8911,118.95,101.1,-22470.8,-0.1500630517,0,-22470.8
"Idea Cellular Ltd.",110.6,19730.2,0,16897.2,52909,8485,1580.9,-12535.8,25627.8,0,15843.3,52224.1,7647.8,0,79.95,168.95,-15768.5,1.113195747,0,-15768.5
"G A I L (India) Ltd.",-20401.6,6502.9,0,51092.7,47543.7,0,14310,-12000.2,7893.7,0,64288.5,59838.5,0,14284.7,353.85,301.2,-15419.4,-0.148791861,0,-15419.4
"Tata Steel Ltd.",9051.3,11434,0,86716,74478.5,1491.3,28570,-2019.9,11503.6,0,98002.5,101450.9,0,31151.1,414.45,215.7,-15028.5,-0.4795512125,0,-15028.5
"Mahindra & Mahindra Ltd.",-11366.4,4138.6,0,40990.7,47860,72.2,7616.7,6252.7,5761.4,0,60584.9,58312.8,1.7,7034.7,700.85,911.4,-14891.6,0.3004209175,0,-14891.6
"Hindustan Unilever Ltd.",-6783.2,2208.3,0,55513.4,57828.4,0,5888.2,6947.9,2182.5,0,52003.6,54994.2,0,7845.2,467.35,612.55,-14632.2,0.3106879213,0,-14632.2
"H D F C Bank Ltd.",-2735.7,4974,0,405932.5,266053.9,7050.6,22374.6,-87562.7,5425.2,0,380737.1,339132.7,8693.3,26062.5,587.75,609.75,-13541.8,0.03743088048,0,-13541.8
"Syndicate Bank",-7682,709.6,0,132046.6,39437.8,7677.6,2413.1,19186.2,660.4,2035.5,149447.1,42127,7718.2,3695.2,98.1,87.9,-13530.1,-0.1039755352,0,-13530.1
"Indiabulls Real Estate Ltd.",-7377.2,30.4,0,1431.7,248.4,4700,223.2,-46,32,0,1192.6,242,0,66.4,55.85,63.55,-12452.7,0.1378692927,0,-12452.7
"Bharat Petroleum Corpn. Ltd.",366.7,16554,0,238588.3,195058.9,31115.5,6102.4,5998.2,18848.7,0,332918.2,245412.1,4101.1,2800,363.3,323.75,-10820.3,-0.1088631985,0,-10820.3
"Andhra Bank",-7087.1,1074.4,1266.6,115164.9,21036.9,0,3155.4,-18133.6,939,1266.6,99133.6,24772.7,0,4600,101.65,64.45,-9481.6,-0.3659616331,0,-9481.59999999999
"Jaiprakash Power Ventures Ltd.",-3845.5,949.1,0,22722.1,7759,508.2,0,-13084.3,2300.5,0,12584.5,12556.2,5.1,0,31.75,10.05,-8499.6,-0.6834645669,0,-8499.6
"Ashok Leyland Ltd.",-3399.8,2700.1,15.5,37728.4,31227.9,0,0,-1513.3,3526.7,129.8,38997.1,36182.2,1017.5,0,22.3,13.55,-8211.1,-0.3923766816,0,-8211.1
"Ultratech Cement Ltd.",610.6,7601.4,0,27160.3,28803.4,3144.3,5078.3,447.9,8866.9,0,30010.2,33739.9,1521.5,9489.7,1639.6,1836.65,-8002.2,0.1201817516,0,-8002.2
"Adani Enterprises Ltd.",-8027.1,132.7,0,17071.5,8874.7,0,0,10.1,299,0,30103.9,24374.7,3754.2,0,180.9,175,-7049.6,-0.03261470426,0,-7049.6
"Cipla Ltd.",231.4,2288.6,0,37211.9,9319.1,4668.1,2277,-289.2,2610.8,0,36793.5,9229.7,349.5,2775,338.6,400.3,-6239.8,0.1822209096,0,-6239.8
"C E S C Ltd.",-2809.5,2673.7,7.2,17421.2,30068.7,4897.3,1258.5,210,2894.8,7.2,22101,34610.2,4327.6,1390,297.95,321.1,-6221.4,0.07769760027,0,-6221.4
"S K S Microfinance Ltd.",-3883.3,161.5,0,6052.1,2226.7,3724.9,725,629.9,100.2,0,7107.2,1523.7,1309.1,0,86.9,108.55,-5996.1,0.249136939,0,-5996.1
"Glenmark Pharmaceuticals Ltd.",257.4,209.9,0,3964,2086.2,7973.8,674,164.6,211.1,0,6013.1,4000.6,2220.9,554,384,576.6,-5856.5,0.5015625,0,-5856.5
"Sun T V Network Ltd.",521,4473.8,0,10725.8,2470.7,0,3760.3,-408,4430,0,8493,1776.8,0,3388.8,263.95,404.85,-5411.4,0.5338132222,0,-5411.4
"Tata Communications Ltd.",3203.5,6596.5,0,15531.8,19143.1,1552.9,680.8,-3793,7070.8,0,12005.2,21324.5,1258.3,2032.9,246.85,147.55,-4724.8,-0.4022685842,0,-4724.8
"Apollo Tyres Ltd.",-1175.7,1473.5,0,15610,10223.7,7310.7,532.7,-287,1856.9,0,16661.3,10941.3,5312.5,515.2,77.75,67.3,-4427.6,-0.1344051447,0,-4427.6
"Crompton Greaves Ltd.",-3976.1,808.9,0,21739.5,15293.4,0,2435,1702.1,884.1,0,26152.5,16686.4,2,1928.8,116.15,84.2,-4046.5,-0.2750753336,0,-4046.5
"Hero Motocorp Ltd.",-233.8,4023.8,0,7892.3,28927.5,0,4757.6,-55.9,10973.4,0,11003.3,25699.3,0,5697.6,2005,1819.4,-3872.1,-0.09256857855,0,-3872.1
"Tech Mahindra Ltd.",522,1383,0,16773,11889,5427,1588,-571,1505,0,16854,15191,5266,1700,178.28,311.57,-3682,0.7476441553,0,-3682
"Tata Motors Ltd.",6321,13607.7,0,109005.2,129714.5,4218.8,4347.6,-4372.8,16067.4,0,112520.9,129056.2,3269.1,2894.4,223.85,287.42,-3602.5,0.2839848113,0,-3602.5
"I R B Infrastructure Developers Ltd.",127.9,0,0,10793.4,4200.2,11159.1,125.1,981.7,0,0,10870.7,11556.2,15612.5,423.4,126.8,72.7,-3380.8,-0.4266561514,0,-3380.8
"Indraprastha Gas Ltd.",-793.6,1028.7,0,1641.7,2896.4,0,1089.8,714.5,1432.1,0,2389.9,4051.2,0,1221,233.55,262,-3215.6,0.1218154571,0,-3215.6
"A C C Ltd.",3236.5,3926.8,0,21366,22505.5,99.3,4111.6,5447.5,4753,0,30066.9,25949.3,0,2954.3,1324.2,1173.55,-2963.5,-0.1137668026,0,-2963.5
"Sun Pharmaceutical Inds. Ltd.",-1509.3,642.3,0,24602.9,3139.3,505.3,570,1452.8,757.2,0,27421.5,4647.6,403,230,326.8,565.3,-2851.3,0.7298041616,0,-2851.3
"Dish T V India Ltd.",-2023.5,3654,0,3486,12106.8,99.9,0,633.5,5180,0,4369.7,8055.5,920.9,0,69.25,50.15,-2081,-0.2758122744,0,-2081
"Arvind Ltd.",-140.6,1161.6,0,14081.4,6263.9,7792.1,268.4,34.9,1305.1,0,13468.9,6761.2,8574.5,0,71.75,78.8,-2076.4,0.09825783972,0,-2076.4
"Zee Entertainment Enterprises Ltd.",-1464,167,0,19194,4107,0,2770,-769,215,0,17798,3412,0,2386,168.4,247.1,-1995,0.4673396675,0,-1995
"Exide Industries Ltd.",118.6,834.6,0,12527.7,6587.4,0.6,2716.5,429.3,1006.8,0,14303,7867.1,0,1733.7,128.35,123.1,-1805.3,-0.04090377873,0,-1805.3
"Century Textiles & Inds. Ltd.",-121.1,2412.6,0,14577.5,8053.5,6686.1,910,78.5,2600.7,0,15156.7,7977.8,7921.8,115,290.2,218.45,-1704.7,-0.2472432805,0,-1704.7
"Petronet L N G Ltd.",-1830.1,1846.8,4.2,13300.4,10327.6,1811.2,2650,8264.2,1841.9,191.2,30504,18235.2,998.1,4800,146.4,115.75,-1494.5,-0.2093579235,0,-1494.50000000001
"U P L Ltd.",-309.3,1156.8,0,19948.8,7662.9,4389.1,588,-554.1,1424.9,0,21668.5,7904.6,2588.6,619.9,119.9,127.35,-1470.7,0.06213511259,0,-1470.7
"Eicher Motors Ltd.",-1029,93.4,0,709.6,1174.5,143.6,129.7,-6.5,116.3,0,999,1680.1,136.7,178.4,1956.25,3489.25,-1313.2,0.7836421725,0,-1313.2
"Grasim Industries Ltd.",-12.7,1762.9,0,9295.1,3708.7,488,4607,-36.3,1442,0,11754.8,5078.5,564.7,3566.1,2870.25,2646.8,-1292.7,-0.07785036147,0,-1292.7
"Wockhardt Ltd.",922.1,615.8,0,8179.7,3936.3,3521.3,0,-862.4,663.1,0,8317.2,5159.3,2222.8,0,975.75,468.4,-1262.6,-0.5199590059,0,-1262.6
"Cairn India Ltd.",518.5,0.3,0,6736.4,1538,0,0,312.7,0.4,0,4707,942,0,35.4,333.7,295.15,-1192.6,-0.1155229248,0,-1192.6
"Amtek Auto Ltd.",1601.4,1860.1,0,17771.9,1352.4,3717.6,512.1,-5238.9,2118.5,0,14821.3,8877.8,7650,1182.8,102.7,63.35,-1151.1,-0.3831548199,0,-1151.1
"Tata Global Beverages Ltd.",11.9,123.6,0,5506.5,3098.3,1804.7,576.2,101,120.4,0,6035.3,3239.7,418.2,761.4,127,159.7,-1023.4,0.257480315,0,-1023.4
"Britannia Industries Ltd.",117.5,445.9,0,4081,3449.4,292.4,415.2,13.1,473.2,0,4767.1,4680.2,0,637.1,464.65,699.1,-984,0.5045733348,0,-984
"Bharat Forge Ltd.",-2614.6,1932.7,0,12059.8,6905.7,146.4,876.7,938.8,2149.3,0,18033.1,9074.2,170.4,1812,300.25,203.8,-938.6,-0.3212323064,0,-938.600000000001
"India Cements Ltd.",-207.2,2440.2,0,8106.7,9918.7,5418.4,167.7,-302.1,2512.9,19.1,7432.4,10246.8,7720.5,377.7,83.5,51.8,-927.4,-0.3796407186,0,-927.399999999999
"Godrej Industries Ltd.",284.8,288.5,0,3579.2,4748.3,182.3,0,159.3,271.9,0,5571,7675.5,174.9,176,237.81,262.44,-913.2,0.103570077,0,-913.2
"M R F Ltd.",93.6,2476.3,0,28967,20902.9,4100.7,1540,50.8,3011.1,0,31668.3,22252.8,4180.9,2355,9592.25,13217.45,-721.7,0.3779300998,0,-721.7
"Bosch Ltd.",2581,2539.7,10.1,29441,13370.5,30.4,3660,2157,2547,16,31607,15272,181,4709,8944.15,9004.15,-674.9,0.006708295366,0,-674.9
"Kaveri Seed Co. Ltd.",-154.1,101.9,0,2081.2,1526.9,250,28.5,50.7,100.1,0,3477.6,3162,190,29.5,151.63,297.73,-602.6,0.9635296445,0,-602.6
"Jubilant Foodworks Ltd.",23.2,293.4,0,283,985.8,99,234.9,19.5,375.7,0,370.5,1436.9,130.7,396.6,1124.75,1125.7,-542.2,0.0008446321405,0,-542.2
"Amara Raja Batteries Ltd.",-173.5,417.1,0,6375.9,1923.2,200.1,731.4,1825.3,464.7,0,8249,1998.5,56,1030.2,147.05,239.85,-511,0.6310778647,0,-511
"Siemens Ltd.",471,1522,0,73174,45318,0,4637,-1902,2010,0,78013,49346,0,2958,681.35,511.85,-505,-0.2487708226,0,-505
"T V S Motor Co. Ltd.",-950,1072.5,0,9020.5,9026.4,790.9,724.2,70.2,1175.3,0,9463,9099.9,2206.8,655,37.9,31.15,-479.8,-0.1781002639,0,-479.8
"Page Industries Ltd.",-3.7,98.3,0,2065.2,897.2,646.2,286.3,5.4,106.2,0,2234.4,1107.8,422.3,403,2948.5,4375.1,-263.9,0.4838392403,0,-263.9
"Tata Power Co. Ltd.",-4761.8,5101.4,0,35076.2,19237.9,1831.5,2063.9,-1739.9,5703.5,0,49071.6,24583.3,102.7,3705.1,94.81,84.97,-163,-0.1037865204,0,-162.999999999995
"Apollo Hospitals Enterprise Ltd.",-1441.2,705.9,0,5776.8,2622.4,12.9,0,455.2,911.3,0,7528.2,2759,1057.2,0,630.15,938.15,-148.6,0.4887725145,0,-148.600000000001
"H C L Technologies Ltd.",1017.8,2913.7,0,36306.4,15153.4,576,1302.7,-197.8,3530.7,0,42974.7,22668.8,81.8,4816.8,259.27,468.77,-142.3,0.8080379527,0,-142.300000000005
"S R F Ltd.",382.5,1485.4,0,10140,5593.2,1308,1840,653.1,1578.2,0,10287.9,5424.6,2944.5,1640,202.5,133.55,-95.8,-0.3404938272,0,-95.8000000000008
"Biocon Ltd.",1045,886,0,9157,3196,74,594,-1470,942,0,8430,3789,59,559,240.9,315.15,203,0.3082191781,0,203
"L & T Finance Holdings Ltd.",2.9,0,0,8.1,0.9,0,0.8,36.4,0.1,0,195.1,88.2,0,182,44.55,61.45,247.3,0.379349046,0,247.3
"Dr. Reddy'S Laboratories Ltd.",-3057,2150,0,30888,11508,69,2159,777,2603,0,42071,17221,0,3444,1614.95,2281.2,249,0.4125514722,0,249
"Ajanta Pharma Ltd.",47.6,237.9,0,1867.2,773,189.4,103.1,2.7,306.8,0,2972.2,1225.5,40,159.5,99.14,250.47,297.6,1.526427275,0,297.6
"Mcleod Russel India Ltd.",-1.4,275.4,0,2251.7,1109.2,681.9,515,-6.3,294,0,2843.4,1350.2,1040.1,515,321.15,286.5,419.8,-0.1078935077,0,419.8
"Dabur India Ltd.",285,377.3,0,8805.8,5312.9,2424.1,1194,688.8,387.3,0,10887.1,6407.9,2721.3,1144.5,119.3,161.4,442.9,0.3528918692,0,442.900000000002
"Havells India Ltd.",-188.4,293.4,0,6435,5844.2,164.1,621.7,865.3,446.6,0,9579.3,7253.4,278.1,748.5,107.34,121.69,475.6,0.1336873486,0,475.599999999999
"Maruti Suzuki India Ltd.",24103,10135,0,50060,34358,1536,8101,806,11384,0,55764,47405,1446,4138,1134.85,1326.3,517,0.1687007093,0,517
"Bajaj Auto Ltd.",1285.4,1228.4,0,26969.9,24255.8,246.1,9800,9468.8,1456.2,0,39857.2,26916.4,0,10033.9,1604.3,1934.75,574.9,0.205977685,0,574.899999999996
"United Breweries Ltd.",457.5,1305.1,0,11767.3,6558.1,3398.6,476.5,591.8,1486.6,0,13485.6,8276.9,5502,606.2,556.9,690.2,611.7,0.239360747,0,611.700000000002
"Colgate-Palmolive (India) Ltd.",950.5,342.5,0,6322.3,5915.9,0,1240.8,-54.5,393.1,0,6219.8,5869.1,0,1371.8,579.13,687.95,687.2,0.1879025435,0,687.199999999999
"Mindtree Ltd.",87,712,0,4144,1722,87,298,127,695,0,5568,2478,532,672,315.6,479.82,752,0.5203422053,0,752
"Motherson Sumi Systems Ltd.",10,830,0,8175,5157,3067,981,-159,1172,0,10316,6086,3463,1196,47.53,91.36,820,0.9221544288,0,820
"Housing Development Finance Corpn. Ltd.",9047.6,167.6,24.4,67390.2,35790.1,137554.8,13510,0,181.2,24.2,68562.4,52745.3,143299.4,15550,691.15,800.45,843.8,0.1581422267,0,843.799999999983
"Unitech Ltd.",443.5,66.8,0,120364,81838,3116.5,2200,-1105.1,56.9,0,127478.7,89319.9,3731.7,1350.5,21.65,16.45,890.2,-0.2401847575,0,890.200000000006
"Hexaware Technologies Ltd.",1521.9,176.2,0,5179.8,1236.4,0,168.1,-283.4,189,0,5736,2737.5,0,494,114.15,116.35,997.3,0.01927288655,0,997.3
"Jindal Steel & Power Ltd.",-103.6,6877.7,0,33111.2,28125.5,25634.3,5254.9,-161.5,8671.9,0,42985.5,34592.2,31719.8,5428.8,398.65,199.8,1053,-0.4988084786,0,1053.00000000001
"Strides Shasun Ltd.",496.5,320.9,0,3872.6,2209.6,3739.1,155.2,50.4,372.8,0,5315,2807.1,4042.3,192.5,712.35,589.65,1258.7,-0.1722467888,0,1258.7
"Voltas Ltd.",-265,164.6,0,30453.7,21407.5,939.1,1690,-1765.6,285.7,0,29153.6,19833,1777.9,643.2,106.3,77.8,1281.3,-0.2681091251,0,1281.3
"Ambuja Cements Ltd.",7674.9,3892.5,6.1,28300.6,12976.1,85.3,4462.5,6104.6,4453.2,1.9,35178.6,15881.9,0,4820,180.45,167.5,1359.6,-0.07176503186,0,1359.6
"Ceat Ltd.",-922.4,341.7,0,10995.2,11125.3,1092.7,70.7,-160.3,705,0,12537.4,10235.9,1568.5,38.5,98.05,127.45,1408.1,0.2998470168,0,1408.1
"Jain Irrigation Systems Ltd.",-467.3,850.4,0,29694.6,12956.9,12816.5,909,-1004.5,1018.3,0,34222.2,13481.5,11247.8,552.3,81.1,50.35,1596.5,-0.379161529,0,1596.5
"Castrol India Ltd.",935,243.3,0,10503,4948.6,0,2509.3,-693.4,251.1,0,10824.1,4991.9,0,2554.4,276.3,315,1700.2,0.1400651466,0,1700.2
"Pidilite Industries Ltd.",394.9,443.9,0,7482.8,4041.8,27.7,940.8,-104.8,479.3,0,10007.5,4912.6,4.6,1051.5,167.2,268.3,1761.9,0.6046650718,0,1761.9
"Bata India Ltd.",793.6,325.1,15.3,4740.4,3269.1,0,546.4,68.7,411,0,5497.5,2782.5,0,966.8,444.93,481.45,1978,0.08208032724,0,1978
"Asian Paints Ltd.",134.8,943.8,5.8,15631.1,11952.7,39.9,3249.9,-82.6,936.6,0,20259,14168.7,0,4027.6,364.23,507.6,2430.5,0.3936249073,0,2430.5
"Karnataka Bank Ltd.",1805.1,229.9,314,22761.8,7076.1,0.2,303.3,-1204.9,219.1,0,23368.5,8119.3,1.1,425.2,95.6,81,2477.2,-0.1527196653,0,2477.2
"South Indian Bank Ltd.",4784.5,228.2,313.1,28418.2,6361.9,0,1464.9,1744.1,312,409.1,30838.1,9123,0,1972.6,23.25,22.5,2485.8,-0.03225806452,0,2485.8
"Aurobindo Pharma Ltd.",1179.5,1199.9,0,29777.6,7746.1,9395.7,1837.5,-1082,1363.5,0,28585.1,6382.7,12759.6,48.7,54.5,84.65,2644,0.5532110092,0,2644
"Divi'S Laboratories Ltd.",-2,533.5,0,9540.3,2313.8,136.2,392,-14,620.3,0,12144.7,2955.7,502,1327.5,548.35,468.35,2655.5,-0.1458922221,0,2655.5
"Housing Development & Infrastructure Ltd.",-5613.8,72.5,0,106578.9,18768.3,1518.7,1563.1,41.2,84.4,0,110817.1,23733,12291.1,218.7,79.35,33.25,2962.1,-0.5809703844,0,2962.10000000001
"Indian Overseas Bank",21940.2,1050,890,156044.7,37856.2,0,1416.8,42424.5,1110.5,2010.4,192286.1,47702.6,0,2475.8,72.5,42,3848.8,-0.4206896552,0,3848.79999999999
"Engineers India Ltd.",169.3,143,0,24605.8,15422.9,0,2994.3,-585.8,194.5,0,26005.7,13466.4,0,3202.6,239.4,137.1,4125.3,-0.4273182957,0,4125.3
"Tata Chemicals Ltd.",861.1,2044.6,0,23192.9,12177.2,127.3,1888,930.9,2246.8,0,37187.9,19845,89.3,2095.2,305.9,258.3,4179.8,-0.1556064073,0,4179.8
"Reliance Capital Ltd.",6740,140,480,24160,4800,10360,0,-5720,260,600,19810,5030,7100,780,334,343.1,4540,0.02724550898,0,4540
"I F C I Ltd.",4893.3,102.8,0,8613.5,11146.9,0,934.7,-1292.5,116.7,0,6229.1,10857.5,499.9,1101.3,35.4,21.9,4640.6,-0.3813559322,0,4640.6
"Dewan Housing Finance Corpn. Ltd.",4314.5,37.3,0,11997.5,1577.4,9.9,646.5,-1781.9,47.2,0,10518.4,1388.1,44.4,861.5,72.53,64.63,5008.9,-0.1089204467,0,5008.9
"Lupin Ltd.",-7.4,868.1,0,22371.5,6978.9,7574.9,1685.5,-176.3,1097.7,0,29152.3,8799.4,8577.3,2018.6,600.9,871.15,5367,0.4497420536,0,5367
"P T C India Ltd.",-334.3,50.3,0,16761.3,5702.9,0,598,-3452,44.6,0,26687.3,12943.1,0,463.8,56.65,44.65,5624.7,-0.2118270079,0,5624.7
"Shriram Transport Finance Co. Ltd.",-8067.2,108.2,119.9,73710.4,52208.8,12229.3,6980.1,21760.9,134.6,161.2,84901.2,47776.6,32643.8,6864.5,578.05,632.4,5798,0.09402300839,0,5798.00000000001
"Bajaj Finance Ltd.",5565.3,96.4,8.4,9096.5,3363.4,19957,1189.5,-8118.4,148.8,0,1449.7,4084.1,20397,2000,1008.21,1143.95,6417.9,0.1346346495,0,6417.9
"Kotak Mahindra Bank Ltd.",1707.2,982.7,0,37714.9,29859.6,24627,3609.1,1635.7,1167.6,0,43928.5,24970.5,19903.7,4931.5,267.88,326.18,6605.7,0.2176347618,0,6605.7
"G M R Infrastructure Ltd.",3451.6,49.1,0,7707.9,3722.6,6010.8,236.6,-1977,75.8,0,11956.4,5757.1,5000,367.1,22.81,12.61,6686.5,-0.4471722929,0,6686.5
"Vedanta Ltd.",8432.4,831.3,0,21644.2,11707,33.1,9630,-8038.3,838.5,0,14083.2,10339,15,7190,190.2,127.85,6981.1,-0.3278128286,0,6981.1
"Reliance Infrastructure Ltd.",692.4,3134.1,0,78151.7,124901.1,1723.4,2271.5,3035.1,2677.7,0,106440.7,144833.7,6401.1,1300,494.65,341.5,7042.2,-0.3096128576,0,7042.19999999999
"Adani Ports & Special Economic Zone Ltd.",-1389.3,2078.6,0,5650.1,10415.7,5000,223.5,1488.5,2735,0,13585.8,10946.9,8048.9,2543.3,120.45,125.25,7160.4,0.0398505604,0,7160.4
"Power Finance Corpn. Ltd.",9519.4,50.5,0,43035.2,30096.1,43410.4,8989.9,-3622.7,54.2,0,50205.7,39741.1,40712,10708.7,173.15,108.1,9633.8,-0.3756858215,0,9633.8
"Mahindra & Mahindra Financial Services Ltd.",1164,157.9,0,3909.3,6236,5797.9,2491.4,-894.1,195.6,0,4090.8,7379.4,14809.9,2896.2,141.93,233.65,10317.4,0.646234059,0,10317.4
"Reliance Power Ltd.",9751.1,11.4,0,13629.9,1155.2,0,0,-7789.2,29.3,0,5880.6,445.5,0,0,91.25,73,10471.4,-0.2,0,10471.4
"Oil & Natural Gas Corpn. Ltd.",29714.7,122719.8,0,235343.5,188133,0,81200,56434.8,132496.6,0,339440,195173.6,45000,108950,286.05,290.7,10589.2,0.01625589932,0,10589.2
"Oracle Financial Services Software Ltd.",-2873.9,336.5,0,37434.4,5655.7,0,2067.8,567.6,401.2,0,51574.2,7531,0,4717,2554.3,2958.7,11071,0.1583212622,0,11071
"N M D C Ltd.",-4948.6,1203.5,44.5,185269.3,7718.7,0,32182,19449.1,1301.7,34.6,221607.4,9703.8,0,34869.4,187.3,97.9,11306.4,-0.4773091297,0,11306.4
"Federal Bank Ltd.",10249.1,542.6,0,43356.6,10808.4,0,3162.6,-2157.5,566.6,0,45216.8,13031.4,0,3059,41.43,34.96,11373.6,-0.1561670287,0,11373.6
"N H P C Ltd.",2527,9763.1,0,89017.1,37561.9,0,5575.1,6538.9,9669.8,0,111902,37836.7,1800,6941.9,18.25,16.6,12095.2,-0.0904109589,0,12095.2
"I T C Ltd.",10963.8,6559.9,0,85200.4,44732.2,19.4,22880.2,2248.9,6985.1,0,96046.9,48234,17.7,26796.6,258.15,341.7,12989.2,0.3236490413,0,12989.2
"Titan Company Ltd.",9087.1,344.8,0,32270.6,24208.8,0,1686,-1385.1,449,0,40368.2,29381.1,0,2389,221.95,263.4,13651.5,0.1867537734,0,13651.5
"Allahabad Bank",18591.5,619.4,833.3,122887.4,38977.7,3121.6,4556.6,29978.3,692.6,2108.6,153086.3,36828.8,119.3,3141.3,133.8,71.45,13742.2,-0.4659940209,0,13742.2
"Wipro Ltd.",-4933,6001,0,154253,50879,27754,8968,9343,7461,0,192529,59347,30410,14300,340.05,438,16059,0.2880458756,0,16059
"Coal India Ltd.",-18482.2,60.8,0,118777.1,74108.5,0,1900,-1704.8,64.2,0,158915.3,83400.9,0,4500,359.35,281.55,16604.2,-0.2165020175,0,16604.2
"D L F Ltd.",-3.6,1268.3,0,132397.5,53069.4,18834.4,3047.5,2234.8,1368.9,0,144058.5,49639.5,22620.3,4450,209.05,149.8,16672,-0.2834250179,0,16672
"Aditya Birla Nuvo Ltd.",50.9,1940.5,0,24919,11858.9,11017.3,1303,3477,2030.6,0,39633.4,16249.6,23222.2,1229.8,785.4,1165.25,16998.7,0.4836389101,0,16998.7
"Bharat Electronics Ltd.",18330.7,1004.5,0,123718.9,75850.3,0,3190,-10442.7,925,0,127414,86322.1,0,2980,387.37,367.77,20861.7,-0.05059761985,0,20861.7
"Indusind Bank Ltd.",14214.2,605.5,0,67481.1,15918.2,1947.1,3265.6,15150.2,749.6,0,70918.9,16720.3,22570.7,4033.8,334.15,387.45,22341.9,0.1595092025,0,22341.9
"Oil India Ltd.",32259.4,4790,183.8,137528.3,21380.3,10055.4,12973.2,-8345.6,5142,0,132928.6,23085.8,0,17272.6,496.3,517.2,23401.8,0.04211162603,0,23401.8
"L I C Housing Finance Ltd.",-1130.7,62.4,0,7846.3,24959.1,12925.9,4004.5,-1014,74.2,0,8532.7,17802.4,30074.9,3677.1,262.05,165.7,24473.8,-0.3676779241,0,24473.8
"Yes Bank Ltd.",8227.3,348.4,0,44987.1,23117.9,5930,4112.9,895.6,408.2,0,75573.2,54300.6,24294.5,5036.3,365.2,324,25614.8,-0.1128148959,0,25614.8
"N T P C Ltd.",17257.8,26110.8,0,318205.8,112988.9,41.2,24973,-397.7,27917,0,365017.3,127829.5,29.6,29136.4,157,130.7,25861.2,-0.1675159236,0,25861.2
"I D F C Ltd.",1933.1,327,0,35386.7,11373.4,12309.1,5239,-1632,312.8,0,36098.5,14718.8,38560.7,6687,134.55,109.5,28318.3,-0.1861761427,0,28318.3
"Jaiprakash Associates Ltd.",-14166.6,6093.8,0,94156.6,52924.8,7108.8,3300.9,-14402.9,6141.5,0,138011.7,58785.7,10842.4,2383.5,73.4,36.15,34905.2,-0.507493188,0,34905.2
"Oriental Bank Of Commerce",30869.2,917.5,0,144509.3,51799.7,4643.5,5783.9,-28911.4,1042.2,2385.6,113701.8,38373.1,4637.2,2716.7,237.8,155.15,35898.4,-0.3475609756,0,35898.4
"Hindustan Zinc Ltd.",47053.9,4747.4,0,69110.2,10076,0,11422.2,-2481.8,6106.7,0,68051.6,9905.9,0,14089.5,119.35,101.65,45207.8,-0.1483033096,0,45207.8
"Union Bank Of India",43217.5,1556.6,0,247259.9,65026.4,0,8070,-44233.1,1464.5,0,201122.2,67125.3,7000,9256.2,167.8,133.1,45935.7,-0.2067938021,0,45935.7
"Bank Of India",60798.6,1405.6,0,466900.2,122682.7,1784.1,8693.1,-25987.4,1668.3,0,423076.2,112176.5,3203.5,5188.5,297.9,184.7,49714.7,-0.3799932863,0,49714.7
"Infosys Ltd.",38680,7400,0,215550,13210,0,25210,43320,7940,0,275050,16120,0,31470,556.74,742.41,50270,0.3334949887,0,50270
"I D B I Bank Ltd.",61832.4,1270.4,125,228850.9,45576.6,6713,7349.4,-27084.2,1160.6,125,208321.3,48332,1705.5,11049.3,88,65.1,63038.4,-0.2602272727,0,63038.4
"Tata Consultancy Services Ltd.",2725.1,5378.2,0,118372.9,38627.7,0,12412.3,-2892.3,6881.7,0,173851.3,46360.9,0,29003.7,1243.65,1815.5,63072.3,0.4598158646,0,63072.3
"Axis Bank Ltd.",62047.5,2895.9,0,251837.8,68448.7,10000,19530.3,-74747.4,3422.4,0,192709,70336.7,285,22562.3,208.83,206.91,65672.7,-0.00919408131,0,65672.7
"Adani Power Ltd.",-3054.6,1953.4,0,13327.8,14983.8,20042.3,0,-1249.7,5606.4,0,49827.9,20437,62580.4,0,43.7,35.05,66173.7,-0.1979405034,0,66173.7
"Punjab National Bank",62176.5,2558.5,7085.3,340485.1,112962.7,139.5,21507.8,-8631.8,2922.6,6647.3,350756.7,109490.2,220,21528.4,145.42,114.02,75083.6,-0.2159262825,0,75083.6
"Bharat Heavy Electricals Ltd.",-1599.3,5441.2,0,490661.2,313465.7,0,37120,-29581.7,8000,0,585979,335684.3,0,32770,215.65,158.3,88731.6,-0.2659401808,0,88731.6
"Uco Bank",88761,805.5,1600.7,189987.1,37607.8,1.5,3241.2,-34984.1,781.2,1600.7,164341.6,41476.9,1.4,3338.5,69.65,60.05,91945.8,-0.1378320172,0,91945.8
"Larsen & Toubro Ltd.",2984.8,5992.2,0,272453.7,255949.8,7161.7,16891.9,1749.1,6912,0,396626.5,299514.3,26037.2,18141.3,912.93,847.15,95056.9,-0.07205371715,0,95056.9
"Canara Bank",110549.1,1513.6,0,372109.5,80654.3,0,10000,-25287.1,1568.9,0,350058.7,79444.6,1271.9,8000,366.2,273.9,112698.1,-0.2520480612,0,112698.1
"Bank Of Baroda",144670.1,2430.4,3659.8,532443.1,64688.6,1144.9,16529.1,142344.7,2765.7,3659.8,713022.2,86944.4,1680,14439.8,131.22,112.32,152669,-0.1440329218,0,152669
"Reliance Industries Ltd.",136720,136080,0,746010,494040,2510,43200,124630,113940,0,942260,442170,1190,51500,743.6,872.05,153250,0.1727407208,0,153250
"Indian Oil Corpn. Ltd.",-206.8,45466.7,1320.4,760309.1,554794.3,166008.4,15837.8,-9867.4,48677.9,890.2,969601.6,562471.9,244400.7,11479.7,269.9,204.9,235741.6,-0.240829937,0,235741.6
"State Bank Of India",366854.4,9905,0,1596367.1,865791.6,90326.4,57095.4,-279280.9,10071.7,1000,1418547.2,704271,50481,63353.7,200.51,170.84,585177.2,-0.1479726697,0.1508941664,585177.2
